2023-09-27T12:13:38.416670670Z,12
2023-09-27T15:32:06.510096541Z,10
2023-09-27T15:32:53.913427783Z,11
2023-09-27T15:48:15.741235741Z,10
2023-09-27T15:53:41.741649154Z,12
2023-09-27T16:25:23.367588667Z,10
2023-09-27T16:27:24.028745297Z,12
2023-09-27T16:29:23.640254786Z,12
2023-09-27T16:31:24.242746175Z,12
2023-09-27T16:33:23.915800659Z,12
2023-09-27T16:35:23.556679718Z,12
2023-09-27T16:37:24.209300695Z,12
2023-09-27T16:39:23.846165324Z,12
2023-09-27T16:41:23.464505085Z,12
2023-09-27T16:43:24.080195001Z,11
2023-09-27T16:45:23.718246933Z,12
2023-09-27T16:47:23.275945328Z,12
2023-09-27T16:49:23.893973904Z,12
2023-09-27T16:51:23.475197490Z,12
2023-09-27T16:53:24.121675104Z,11
2023-09-27T16:55:23.742790786Z,12
2023-09-27T16:57:23.364410865Z,12
2023-09-27T16:59:23.975955863Z,12
2023-09-27T17:01:23.609318476Z,12
2023-09-27T17:03:24.228326340Z,12
2023-09-27T17:05:23.852252002Z,11
2023-09-27T17:07:23.439278871Z,12
2023-09-27T17:09:24.110604689Z,12
2023-09-27T17:11:23.736518422Z,12
2023-09-27T17:13:23.357327310Z,11
2023-09-27T17:15:23.995673577Z,12
2023-09-27T17:17:23.622541928Z,12
2023-09-27T17:19:24.222224198Z,12
2023-09-27T17:21:23.901494558Z,12
2023-09-27T17:23:23.628004314Z,11
2023-09-27T17:25:24.266450690Z,12
2023-09-27T17:27:23.869827948Z,12
2023-09-27T17:29:23.510077959Z,12
2023-09-27T17:31:24.099870621Z,12
2023-09-27T17:33:23.693892132Z,11
2023-09-27T17:35:23.337089910Z,12
2023-09-27T17:37:23.988285538Z,12
2023-09-27T17:39:23.592189950Z,12
2023-09-27T17:41:24.233967174Z,12
2023-09-27T17:43:23.927075957Z,11
2023-09-27T17:45:23.572574338Z,12
2023-09-27T17:47:24.211210456Z,12
2023-09-27T17:49:23.878961408Z,12
2023-09-27T17:51:23.503148878Z,12
2023-09-27T17:53:24.146765400Z,12
2023-09-27T17:55:23.820960512Z,11
2023-09-27T17:57:23.438391487Z,12
2023-09-27T17:59:24.109206322Z,12
2023-09-27T18:01:23.772356684Z,12
2023-09-27T18:03:23.393959294Z,12
2023-09-27T18:05:24.022431124Z,11
2023-09-27T18:07:23.653734729Z,12
2023-09-27T18:09:24.339530168Z,12
2023-09-27T18:11:24.023778278Z,12
2023-09-27T18:13:23.643804490Z,11
2023-09-27T18:15:24.223462950Z,12
2023-09-27T18:17:23.927806534Z,12
2023-09-27T18:19:23.563027316Z,12
2023-09-27T18:21:24.221035717Z,12
2023-09-27T18:23:23.845107896Z,11
2023-09-27T18:25:23.469013265Z,12
2023-09-27T18:27:24.080454349Z,12
2023-09-27T18:29:23.722499701Z,12
2023-09-27T18:31:23.358529224Z,12
2023-09-27T18:33:24.060580035Z,11
2023-09-27T18:35:23.680220681Z,12
2023-09-27T18:37:23.307618644Z,12
2023-09-27T18:39:23.937747342Z,12
2023-09-27T18:41:23.552810759Z,12
2023-09-27T18:43:24.227589451Z,12
2023-09-27T18:45:23.855442949Z,12
2023-09-27T18:47:23.489043122Z,12
2023-09-27T18:49:24.076535528Z,12
2023-09-27T18:51:23.688095836Z,12
2023-09-27T18:53:23.306740920Z,12
2023-09-27T18:55:23.934381519Z,12
2023-09-27T18:57:23.581126553Z,12
2023-09-27T18:59:24.244461290Z,12
2023-09-27T19:01:23.838996277Z,12
2023-09-27T19:03:23.486161616Z,12
2023-09-27T19:05:24.161318119Z,11
2023-09-27T19:07:23.798452951Z,12
2023-09-27T19:09:23.454393846Z,12
2023-09-27T19:11:24.091488488Z,12
2023-09-27T19:13:23.753092819Z,11
2023-09-27T19:15:23.384776827Z,12
2023-09-27T19:17:23.968615834Z,12
2023-09-27T19:19:23.594217648Z,12
2023-09-27T19:21:24.235345199Z,12
2023-09-27T19:23:23.849040015Z,11
2023-09-27T19:25:23.511043086Z,12
2023-09-27T19:27:24.197934360Z,12
2023-09-27T19:29:23.850989679Z,12
2023-09-27T19:31:23.462733456Z,12
2023-09-27T19:33:24.153279509Z,11
2023-09-27T19:35:23.802482294Z,12
2023-09-27T19:37:23.424597773Z,12
2023-09-27T19:39:24.084952130Z,12
2023-09-27T19:41:23.787763385Z,12
2023-09-27T19:43:23.469268012Z,12
2023-09-27T19:45:24.088619281Z,12
2023-09-27T19:47:23.686025178Z,12
2023-09-27T19:49:23.354807059Z,12
2023-09-27T19:51:24.030341563Z,12
2023-09-27T19:53:23.691341994Z,12
2023-09-27T19:55:23.360621100Z,11
2023-09-27T19:57:23.985667469Z,12
2023-09-27T19:59:23.627264223Z,12
2023-09-27T20:01:24.268464835Z,12
2023-09-27T20:03:23.997454718Z,11
2023-09-27T20:05:23.661644851Z,12
2023-09-27T20:07:23.284646516Z,12
2023-09-27T20:09:23.943242724Z,12
2023-09-27T20:11:23.589639128Z,12
2023-09-27T20:13:24.201828931Z,11
2023-09-27T20:15:23.859589100Z,12
2023-09-27T20:17:23.475996161Z,12
2023-09-27T20:19:24.109322169Z,12
2023-09-27T20:21:23.736911716Z,12
2023-09-27T20:23:23.359562278Z,11
2023-09-27T20:25:24.014622988Z,12
2023-09-27T20:27:23.678447304Z,12
2023-09-27T20:29:24.290442141Z,12
2023-09-27T20:31:23.922938892Z,12
2023-09-27T20:33:23.564738898Z,12
2023-09-27T20:35:24.170448172Z,11
2023-09-27T20:37:23.783217915Z,12
2023-09-27T20:39:23.414675707Z,12
2023-09-27T20:41:23.990667092Z,12
2023-09-27T20:43:23.636293248Z,12
2023-09-27T20:45:24.259645864Z,11
2023-09-27T20:47:23.842126381Z,12
2023-09-27T20:49:23.474627986Z,12
2023-09-27T20:51:24.112402848Z,12
2023-09-27T20:53:23.722058141Z,12
2023-09-27T20:55:23.379245866Z,11
2023-09-27T20:57:24.020205671Z,12
2023-09-27T20:59:23.634410155Z,12
2023-09-27T21:01:24.240485745Z,12
2023-09-27T21:03:23.891571546Z,12
2023-09-27T21:05:23.519376958Z,11
2023-09-27T21:07:24.185364770Z,12
2023-09-27T21:09:23.819568820Z,12
2023-09-27T21:11:23.449485563Z,12
2023-09-27T21:13:24.159717966Z,11
2023-09-27T21:15:23.772372352Z,12
2023-09-27T21:17:23.456020413Z,12
2023-09-27T21:19:24.112914552Z,12
2023-09-27T21:21:23.790224753Z,12
2023-09-27T21:23:23.394502117Z,11
2023-09-27T21:25:24.049476978Z,12
2023-09-27T21:27:23.690548001Z,12
2023-09-27T21:29:23.325549638Z,12
2023-09-27T21:31:23.914554524Z,12
2023-09-27T21:33:23.483562704Z,12
2023-09-27T21:35:24.091162751Z,11
2023-09-27T21:37:23.776488421Z,12
2023-09-27T21:39:23.453237722Z,12
2023-09-27T21:41:24.100693718Z,12
2023-09-27T21:43:23.706611428Z,12
2023-09-27T21:45:23.327805786Z,11
2023-09-27T21:47:23.964884971Z,12
2023-09-27T21:49:23.604173586Z,12
2023-09-28T06:51:24.251572881+09:00,12
2023-09-28T06:53:23.866062882+09:00,12
2023-09-28T06:55:23.579904172+09:00,11
2023-09-28T06:57:24.191901958+09:00,12
2023-09-28T06:59:23.862277687+09:00,12
2023-09-28T07:01:23.508203037+09:00,12
2023-09-28T07:03:24.172387751+09:00,11
2023-09-28T07:05:23.843645968+09:00,12
2023-09-28T07:07:23.467874201+09:00,12
2023-09-28T07:09:24.118575537+09:00,12
2023-09-28T07:11:23.763175853+09:00,12
2023-09-28T07:13:23.472867680+09:00,12
2023-09-28T07:15:24.123755371+09:00,11
2023-09-28T07:17:23.742544283+09:00,12
2023-09-28T07:19:23.416677811+09:00,12
2023-09-28T07:21:23.990029065+09:00,12
2023-09-28T07:23:23.667085834+09:00,12
2023-09-28T07:25:24.286338831+09:00,11
2023-09-28T07:27:23.907233196+09:00,12
2023-09-28T07:29:23.497387993+09:00,12
2023-09-28T07:31:24.096130201+09:00,12
2023-09-28T07:33:23.769016977+09:00,11
2023-09-28T07:35:23.383984444+09:00,12
2023-09-28T07:37:23.986633874+09:00,12
2023-09-28T07:39:23.626497157+09:00,12
2023-09-28T07:41:24.241898610+09:00,12
2023-09-28T07:43:23.855929492+09:00,11
2023-09-28T07:45:23.511959370+09:00,12
2023-09-28T07:47:24.081427540+09:00,12
2023-09-28T07:49:23.695286944+09:00,12
2023-09-28T07:51:24.305317195+09:00,12
2023-09-28T07:53:23.908118827+09:00,11
2023-09-28T07:55:23.371721124+09:00,12
2023-09-28T07:57:24.014036171+09:00,12
2023-09-28T07:59:23.508308476+09:00,12
2023-09-28T08:01:24.079034405+09:00,12
2023-09-28T08:03:23.509558924+09:00,12
2023-09-28T08:05:24.096253899+09:00,11
2023-09-28T08:07:23.683659113+09:00,12
2023-09-28T08:09:24.193069786+09:00,12
2023-09-28T08:11:23.617741141+09:00,12
2023-09-28T08:13:23.967951972+09:00,12
2023-09-28T08:15:23.156300263+09:00,11
2023-09-28T08:17:23.112971776+09:00,12
2023-09-28T08:19:22.953173894+09:00,12
2023-09-28T08:21:22.739160151+09:00,13
2023-09-28T08:23:23.354037954+09:00,12
2023-09-28T08:25:23.004426234+09:00,11
2023-09-28T08:27:22.557504545+09:00,14
2023-09-28T08:29:22.972261727+09:00,12
2023-09-28T08:31:22.425762260+09:00,12
2023-09-28T08:33:22.809679626+09:00,12
2023-09-28T08:35:21.843554949+09:00,13
2023-09-28T08:37:21.555167812+09:00,15
2023-09-28T08:39:22.128090995+09:00,14
2023-09-28T08:41:21.735948726+09:00,12
2023-09-28T08:43:21.112582318+09:00,11
2023-09-28T08:45:21.400248475+09:00,12
2023-09-28T08:47:21.647097246+09:00,12
2023-09-28T08:49:21.788502478+09:00,13
2023-09-28T08:51:20.766326017+09:00,15
2023-09-28T08:53:20.597976327+09:00,12
2023-09-28T08:55:21.027828279+09:00,10
2023-09-28T08:57:20.319825600+09:00,12
2023-09-28T08:59:20.430453979+09:00,11
2023-09-28T09:01:20.518981954+09:00,12
2023-09-28T09:03:20.733547173+09:00,11
2023-09-28T09:05:20.023054278+09:00,13
2023-09-28T09:07:20.077266097+09:00,12
2023-09-28T09:09:19.975628854+09:00,12
2023-09-28T09:11:19.715993026+09:00,12
2023-09-28T09:13:19.743428740+09:00,14
2023-09-28T09:15:19.782542799+09:00,11
2023-09-28T09:17:19.962619142+09:00,12
2023-09-28T09:19:19.852911353+09:00,12
2023-09-28T09:21:19.770661603+09:00,12
2023-09-28T09:23:19.719923537+09:00,11
2023-09-28T09:25:20.701352460+09:00,12
2023-09-28T09:27:20.737537691+09:00,12
2023-09-28T09:29:20.818718203+09:00,12
2023-09-28T09:31:19.796000986+09:00,12
2023-09-28T09:33:20.017147900+09:00,11
2023-09-28T09:35:20.293561138+09:00,12
2023-09-28T09:37:20.397560617+09:00,14
2023-09-28T09:39:20.423265901+09:00,13
2023-09-28T09:41:20.659451961+09:00,14
2023-09-28T09:43:20.603867885+09:00,14
2023-09-28T09:45:20.694868467+09:00,14
2023-09-28T09:47:20.560331+09:00,13
2023-09-28T09:49:20.423095498+09:00,15
2023-09-28T09:51:20.142269727+09:00,13
2023-09-28T09:53:19.999882699+09:00,13
2023-09-28T09:55:19.855576246+09:00,12
2023-09-28T09:57:20.579222832+09:00,12
2023-09-28T09:59:20.567497607+09:00,12
2023-09-28T10:01:20.368257427+09:00,14
2023-09-28T10:03:20.093965006+09:00,16
2023-09-28T10:05:20.019362461+09:00,13
2023-09-28T10:07:20.821660072+09:00,12
2023-09-28T10:09:20.605616977+09:00,18
2023-09-28T10:11:20.342260602+09:00,17
2023-09-28T10:13:19.968099793+09:00,13
2023-09-28T10:15:20.654992885+09:00,13
2023-09-28T10:17:20.256611430+09:00,15
2023-09-28T10:19:19.856280495+09:00,17
2023-09-28T10:21:20.565343578+09:00,17
2023-09-28T10:23:20.133816122+09:00,17
2023-09-28T10:25:19.700065457+09:00,12
2023-09-28T10:27:20.249315138+09:00,13
2023-09-28T10:29:19.654202792+09:00,12
2023-09-28T10:31:19.995876682+09:00,12
2023-09-28T10:33:19.240601794+09:00,12
2023-09-28T10:35:19.591248761+09:00,14
2023-09-28T10:37:19.447537467+09:00,15
2023-09-28T10:39:19.262274291+09:00,13
2023-09-28T10:41:19.037252405+09:00,13
2023-09-28T10:43:19.241544790+09:00,14
2023-09-28T10:45:19.638780847+09:00,12
2023-09-28T10:47:19.834447667+09:00,14
2023-09-28T10:49:20.015033652+09:00,15
2023-09-28T10:51:19.030981255+09:00,14
2023-09-28T10:53:19.346530872+09:00,14
2023-09-28T10:55:19.410641932+09:00,14
2023-09-28T10:57:19.484368723+09:00,14
2023-09-28T10:59:19.716118799+09:00,14
2023-09-28T11:01:19.938534725+09:00,15
2023-09-28T11:03:20.174167597+09:00,14
2023-09-28T11:05:19.232597694+09:00,14
2023-09-28T11:07:19.306673523+09:00,15
2023-09-28T11:09:19.421830606+09:00,18
2023-09-28T11:11:19.499433500+09:00,16
2023-09-28T11:13:19.538325929+09:00,16
2023-09-28T11:15:19.470911078+09:00,19
2023-09-28T11:17:19.490416534+09:00,22
2023-09-28T11:19:19.416013299+09:00,24
2023-09-28T11:21:19.568081716+09:00,22
2023-09-28T11:23:19.478626477+09:00,24
2023-09-28T11:25:19.327998057+09:00,24
2023-09-28T11:27:19.666871205+09:00,22
2023-09-28T11:29:19.552910111+09:00,27
2023-09-28T11:31:19.634477527+09:00,31
2023-09-28T11:33:19.723480890+09:00,36
2023-09-28T11:35:19.599895368+09:00,36
2023-09-28T11:37:19.568991055+09:00,49
2023-09-28T11:39:19.389375183+09:00,48
2023-09-28T11:41:20.080141319+09:00,51
2023-09-28T11:43:19.899432973+09:00,62
2023-09-28T11:45:19.903235494+09:00,54
2023-09-28T11:47:19.899177987+09:00,54
2023-09-28T11:49:19.967894458+09:00,71
2023-09-28T11:51:19.889096554+09:00,77
2023-09-28T11:53:19.932544334+09:00,80
2023-09-28T11:55:19.807381912+09:00,84
2023-09-28T11:57:19.942445003+09:00,76
2023-09-28T11:59:19.899476851+09:00,84
2023-09-28T12:01:19.715199379+09:00,103
2023-09-28T12:03:20.584155810+09:00,107
2023-09-28T12:05:20.453888729+09:00,111
2023-09-28T12:07:20.420042680+09:00,109
2023-09-28T12:09:20.191119985+09:00,120
2023-09-28T12:11:20.145042277+09:00,130
2023-09-28T12:13:20.354698244+09:00,155
2023-09-28T12:15:20.361219552+09:00,173
2023-09-28T12:17:20.363427509+09:00,169
2023-09-28T12:19:20.209599446+09:00,166
2023-09-28T12:21:20.270925346+09:00,184
2023-09-28T12:23:19.832217970+09:00,183
2023-09-28T12:25:20.416133977+09:00,164
2023-09-28T12:27:20.049705253+09:00,176
2023-09-28T12:29:20.673871265+09:00,173
2023-09-28T12:31:20.297684706+09:00,160
2023-09-28T12:33:19.898174754+09:00,166
2023-09-28T12:35:20.605189003+09:00,140
2023-09-28T12:37:20.139939841+09:00,133
2023-09-28T12:39:20.649252050+09:00,119
2023-09-28T12:41:20.253469791+09:00,101
2023-09-28T12:43:19.772020774+09:00,86
2023-09-28T12:45:20.578158059+09:00,69
2023-09-28T12:47:20.352245551+09:00,51
2023-09-28T12:49:20.429676035+09:00,37
2023-09-28T12:51:20.352463065+09:00,32
2023-09-28T12:53:20.117025574+09:00,27
2023-09-28T12:55:19.943255865+09:00,25
2023-09-28T12:57:19.513445778+09:00,27
2023-09-28T12:59:20.251777433+09:00,24
2023-09-28T13:01:20.124751682+09:00,23
2023-09-28T13:03:19.956935391+09:00,29
2023-09-28T13:05:19.551471222+09:00,26
2023-09-28T13:07:19.135682028+09:00,27
2023-09-28T13:09:19.711635833+09:00,28
2023-09-28T13:11:19.591626556+09:00,29
2023-09-28T13:13:19.399755420+09:00,26
2023-09-28T13:15:20.200572843+09:00,26
2023-09-28T13:17:20.035562767+09:00,26
2023-09-28T13:19:19.801363676+09:00,28
2023-09-28T13:21:19.991836683+09:00,26
2023-09-28T13:23:19.965607102+09:00,26
2023-09-28T13:25:19.922256696+09:00,22
2023-09-28T13:27:19.901744598+09:00,24
2023-09-28T13:29:19.744360659+09:00,22
2023-09-28T13:31:19.787118842+09:00,20
2023-09-28T13:33:19.914527203+09:00,21
2023-09-28T13:35:20.097464404+09:00,21
2023-09-28T13:37:20.309601052+09:00,22
2023-09-28T13:39:20.318928061+09:00,22
2023-09-28T13:41:20.274475640+09:00,14
2023-09-28T13:43:20.486229809+09:00,12
2023-09-28T13:45:19.653031861+09:00,13
2023-09-28T13:47:19.700829269+09:00,12
2023-09-28T13:49:19.691173217+09:00,13
2023-09-28T13:51:19.662384271+09:00,14
2023-09-28T13:53:19.706920240+09:00,13
2023-09-28T13:55:19.631385645+09:00,12
2023-09-28T13:57:19.248552002+09:00,13
2023-09-28T13:59:20.194183959+09:00,12
2023-09-28T14:01:20.461653682+09:00,13
2023-09-28T14:03:19.533804915+09:00,12
2023-09-28T14:05:19.764591079+09:00,13
2023-09-28T14:07:19.906229545+09:00,12
2023-09-28T14:09:19.970489455+09:00,13
2023-09-28T14:11:19.976224394+09:00,12
2023-09-28T14:13:20.297299162+09:00,12
2023-09-28T14:15:20.602655529+09:00,14
2023-09-28T14:17:19.802522088+09:00,17
2023-09-28T14:19:20.266661762+09:00,13
2023-09-28T14:21:20.703481696+09:00,13
2023-09-28T14:23:20.047103815+09:00,13
2023-09-28T14:25:20.523623710+09:00,12
2023-09-28T14:27:20.038510770+09:00,15
2023-09-28T14:29:20.542838214+09:00,15
2023-09-28T14:31:20.143861305+09:00,13
2023-09-28T14:33:21.078258310+09:00,17
2023-09-28T14:35:20.980932284+09:00,19
2023-09-28T14:37:21.124234377+09:00,13
2023-09-28T14:39:20.981109047+09:00,14
2023-09-28T14:41:20.950035361+09:00,13
2023-09-28T14:43:21.124593147+09:00,13
2023-09-28T14:45:20.256960178+09:00,13
2023-09-28T14:47:20.489317814+09:00,14
2023-09-28T14:49:20.703418267+09:00,14
2023-09-28T14:51:21.031649925+09:00,14
2023-09-28T14:53:21.028790572+09:00,13
2023-09-28T14:55:21.217416517+09:00,12
2023-09-28T14:57:20.639681809+09:00,11
2023-09-28T14:59:20.934644670+09:00,12
2023-09-28T15:01:20.898047179+09:00,12
2023-09-28T15:03:21.019788211+09:00,12
2023-09-28T15:05:21.348785078+09:00,11
2023-09-28T15:07:20.670636124+09:00,12
2023-09-28T15:09:20.956841997+09:00,13
2023-09-28T15:11:20.992422664+09:00,13
2023-09-28T15:13:21.237792410+09:00,12
2023-09-28T15:15:20.444987508+09:00,12
2023-09-28T15:17:20.524755881+09:00,14
2023-09-28T15:19:20.625815811+09:00,14
2023-09-28T15:21:20.588483539+09:00,12
2023-09-28T15:23:20.553391995+09:00,12
2023-09-28T15:25:20.495457070+09:00,13
2023-09-28T15:27:20.453054648+09:00,11
2023-09-28T15:29:20.382549255+09:00,14
2023-09-28T15:31:20.444254252+09:00,12
2023-09-28T15:33:20.617256650+09:00,12
2023-09-28T15:35:20.452089520+09:00,12
2023-09-28T15:37:20.405009315+09:00,12
2023-09-28T15:39:20.228330826+09:00,12
2023-09-28T15:41:20.269965294+09:00,12
2023-09-28T15:43:20.177678135+09:00,12
2023-09-28T15:45:20.248756445+09:00,14
2023-09-28T15:47:20.663711535+09:00,13
2023-09-28T15:49:20.862748070+09:00,12
2023-09-28T15:51:21.208743200+09:00,16
2023-09-28T15:53:20.401795918+09:00,13
2023-09-28T15:55:20.743576664+09:00,16
2023-09-28T15:57:21.148169172+09:00,13
2023-09-28T15:59:20.438215369+09:00,15
2023-09-28T16:01:20.675823308+09:00,15
2023-09-28T16:03:20.926693968+09:00,15
2023-09-28T16:05:21.170740125+09:00,21
2023-09-28T16:07:20.512672137+09:00,23
2023-09-28T16:09:21.099769009+09:00,15
2023-09-28T16:11:20.623615739+09:00,18
2023-09-28T16:13:21.405698881+09:00,16
2023-09-28T16:15:21.335543603+09:00,14
2023-09-28T16:17:21.323612777+09:00,14
2023-09-28T16:19:21.415813814+09:00,16
2023-09-28T16:21:21.590922652+09:00,17
2023-09-28T16:23:21.839919408+09:00,14
2023-09-28T16:25:21.188680974+09:00,12
2023-09-28T16:27:21.371493997+09:00,11
2023-09-28T16:29:21.650915697+09:00,12
2023-09-28T16:31:21.971664798+09:00,12
2023-09-28T16:33:20.849693771+09:00,12
2023-09-28T16:35:20.939663519+09:00,14
2023-09-28T16:37:21.017715196+09:00,12
2023-09-28T16:39:21.064012787+09:00,12
2023-09-28T16:41:21.200109942+09:00,12
2023-09-28T16:43:21.269301552+09:00,12
2023-09-28T16:45:21.417514474+09:00,12
2023-09-28T16:47:21.879273705+09:00,12
2023-09-28T16:49:21.238651649+09:00,13
2023-09-28T16:51:21.420830943+09:00,14
2023-09-28T16:53:21.691373578+09:00,14
2023-09-28T16:55:22.077250295+09:00,13
2023-09-28T16:57:21.601920997+09:00,14
2023-09-28T16:59:22.132549251+09:00,12
2023-09-28T17:01:21.653606737+09:00,17
2023-09-28T17:03:22.287586189+09:00,13
2023-09-28T17:05:22.006233468+09:00,15
2023-09-28T17:07:22.080730230+09:00,15
2023-09-28T17:09:22.050532239+09:00,14
2023-09-28T17:11:21.969972080+09:00,14
2023-09-28T17:13:21.870958700+09:00,14
2023-09-28T17:15:21.882567081+09:00,15
2023-09-28T17:17:22.003473463+09:00,14
2023-09-28T17:19:22.312062885+09:00,13
2023-09-28T17:21:22.788298599+09:00,13
2023-09-28T17:23:22.212181924+09:00,13
2023-09-28T17:25:22.525787847+09:00,14
2023-09-28T17:27:22.910434724+09:00,12
2023-09-28T17:29:22.139956598+09:00,11
2023-09-28T17:31:22.231915433+09:00,12
2023-09-28T17:33:22.604393736+09:00,12
2023-09-28T17:35:22.965209538+09:00,14
2023-09-28T17:37:22.332435049+09:00,12
2023-09-28T17:39:22.616655985+09:00,11
2023-09-28T17:41:23.390830857+09:00,12
2023-09-28T17:43:22.827314089+09:00,12
2023-09-28T17:45:22.305822802+09:00,12
2023-09-28T17:47:22.943686670+09:00,13
2023-09-28T17:49:22.574043927+09:00,12
2023-09-28T17:51:23.086267318+09:00,12
2023-09-28T17:53:22.790573526+09:00,12
2023-09-28T17:55:22.760215154+09:00,12
2023-09-28T17:57:22.665216400+09:00,12
2023-09-28T17:59:23.754149219+09:00,11
2023-09-28T18:01:22.695765507+09:00,12
2023-09-28T18:03:23.565505020+09:00,12
2023-09-28T18:05:23.549382198+09:00,12
2023-09-28T18:07:23.467844419+09:00,12
2023-09-28T18:09:23.520441243+09:00,11
2023-09-28T18:11:23.556252628+09:00,12
2023-09-28T18:13:23.640532670+09:00,12
2023-09-28T18:15:23.720045193+09:00,12
2023-09-28T18:17:22.982606174+09:00,12
2023-09-28T18:19:23.162088194+09:00,11
2023-09-28T18:21:23.299546113+09:00,12
2023-09-28T18:23:23.345800473+09:00,12
2023-09-28T18:25:23.562954027+09:00,12
2023-09-28T18:27:23.879739620+09:00,12
2023-09-28T18:29:23.201719461+09:00,12
2023-09-28T18:31:23.597277839+09:00,12
2023-09-28T18:33:23.923226204+09:00,12
2023-09-28T18:35:23.304675841+09:00,12
2023-09-28T18:37:23.735522163+09:00,12
2023-09-28T18:39:23.112278541+09:00,11
2023-09-28T18:41:23.488403061+09:00,13
2023-09-28T18:43:23.884675072+09:00,12
2023-09-28T18:45:23.252056384+09:00,12
2023-09-28T18:47:23.667821562+09:00,12
2023-09-28T18:49:24.058278956+09:00,11
2023-09-28T18:51:23.324185611+09:00,12
2023-09-28T18:53:23.879772700+09:00,12
2023-09-28T18:55:23.380882076+09:00,12
2023-09-28T18:57:23.795996540+09:00,12
2023-09-28T18:59:23.228540388+09:00,12
2023-09-28T19:01:23.710733048+09:00,13
2023-09-28T19:03:22.995214688+09:00,12
2023-09-28T19:05:23.507808669+09:00,12
2023-09-28T19:07:24.064037491+09:00,12
2023-09-28T19:09:23.636770492+09:00,11
2023-09-28T19:11:24.231245214+09:00,12
2023-09-28T19:13:23.832054991+09:00,12
2023-09-28T19:15:23.405046919+09:00,12
2023-09-28T19:17:24.003902967+09:00,12
2023-09-28T19:19:23.564250192+09:00,11
2023-09-28T19:21:24.153884188+09:00,12
2023-09-28T19:23:23.716082268+09:00,12
2023-09-28T19:25:23.271671569+09:00,12
2023-09-28T19:27:23.849193489+09:00,12
2023-09-28T19:29:23.419042984+09:00,11
2023-09-28T19:31:23.986215951+09:00,12
2023-09-28T19:33:23.608594432+09:00,12
2023-09-28T19:35:24.187641784+09:00,12
2023-09-28T19:37:23.759220854+09:00,12
2023-09-28T19:39:23.334713047+09:00,12
2023-09-28T19:41:23.934777883+09:00,12
2023-09-28T19:43:23.569025056+09:00,12
2023-09-28T19:45:24.103081565+09:00,13
2023-09-28T19:47:23.723241177+09:00,13
2023-09-28T19:49:23.339608598+09:00,13
2023-09-28T19:51:23.944800106+09:00,12
2023-09-28T19:53:23.519127146+09:00,12
2023-09-28T19:55:24.106814642+09:00,12
2023-09-28T19:57:23.695485487+09:00,12
2023-09-28T19:59:23.261678251+09:00,12
2023-09-28T20:01:23.851022170+09:00,12
2023-09-28T20:03:23.520071226+09:00,12
2023-09-28T20:05:24.081765478+09:00,12
2023-09-28T20:07:23.646674442+09:00,12
2023-09-28T20:09:24.271728232+09:00,12
2023-09-28T20:11:23.780361402+09:00,12
2023-09-28T20:13:23.273180336+09:00,13
2023-09-28T20:15:23.831537177+09:00,12
2023-09-28T20:17:23.419793364+09:00,12
2023-09-28T20:19:24.058138034+09:00,11
2023-09-28T20:21:23.651486367+09:00,12
2023-09-28T20:23:24.247255624+09:00,12
2023-09-28T20:25:23.882554186+09:00,12
2023-09-28T20:27:23.503544304+09:00,12
2023-09-28T20:29:24.132055967+09:00,11
2023-09-28T20:31:23.759678212+09:00,12
2023-09-28T20:33:23.347283792+09:00,12
2023-09-28T20:35:23.982544014+09:00,12
2023-09-28T20:37:23.422861443+09:00,12
2023-09-28T20:39:24.059894533+09:00,11
2023-09-28T20:41:23.670805679+09:00,12
2023-09-28T20:43:24.300238765+09:00,12
2023-09-28T20:45:23.898566580+09:00,12
2023-09-28T20:47:23.560162668+09:00,12
2023-09-28T20:49:24.242634218+09:00,11
2023-09-28T20:51:23.853563158+09:00,12
2023-09-28T20:53:23.483193326+09:00,12
2023-09-28T20:55:24.106737302+09:00,12
2023-09-28T20:57:23.826014706+09:00,12
2023-09-28T20:59:23.449129059+09:00,11
2023-09-28T21:01:24.124679747+09:00,12
2023-09-28T21:03:23.729799915+09:00,12
2023-09-28T21:05:23.365508255+09:00,12
2023-09-28T21:07:23.987739627+09:00,12
2023-09-28T21:09:23.636535077+09:00,11
2023-09-28T21:11:24.255806122+09:00,12
2023-09-28T21:13:23.869435417+09:00,12
2023-09-28T21:15:23.528182482+09:00,12
2023-09-28T21:17:24.162549856+09:00,12
2023-09-28T21:19:23.840575273+09:00,11
2023-09-28T21:21:23.425299978+09:00,12
2023-09-28T21:23:24.064282514+09:00,13
2023-09-28T21:25:23.690094593+09:00,12
2023-09-28T21:27:23.301884893+09:00,12
2023-09-28T21:29:23.926744771+09:00,11
2023-09-28T21:31:23.556723866+09:00,12
2023-09-28T21:33:24.207131159+09:00,12
2023-09-28T21:35:23.794383555+09:00,12
2023-09-28T21:37:23.422917039+09:00,12
2023-09-28T21:39:24.067152827+09:00,11
2023-09-28T21:41:23.697304069+09:00,12
2023-09-28T21:43:23.317604239+09:00,12
2023-09-28T21:45:23.969546729+09:00,12
2023-09-28T21:47:23.599395226+09:00,12
2023-09-28T21:49:24.253446411+09:00,11
2023-09-28T21:51:23.897319604+09:00,12
2023-09-28T21:53:23.560627583+09:00,12
2023-09-28T21:55:24.221360359+09:00,12
2023-09-28T21:57:23.914589623+09:00,12
2023-09-28T21:59:23.613660901+09:00,11
2023-09-28T22:01:24.309780810+09:00,12
2023-09-28T22:03:23.959523809+09:00,12
2023-09-28T22:05:23.661944731+09:00,12
2023-09-28T22:07:23.338081368+09:00,12
2023-09-28T22:09:24.015091619+09:00,11
2023-09-28T22:11:23.726781169+09:00,12
2023-09-28T22:13:23.416634515+09:00,12
2023-09-28T22:15:24.102064412+09:00,12
2023-09-28T22:17:23.710383170+09:00,12
2023-09-28T22:19:23.397019939+09:00,12
2023-09-28T22:21:24.043348338+09:00,12
2023-09-28T22:23:23.708835127+09:00,12
2023-09-28T22:25:23.391325629+09:00,12
2023-09-28T22:27:23.995730945+09:00,12
2023-09-28T22:29:23.670147768+09:00,11
2023-09-28T22:31:23.312406626+09:00,12
2023-09-28T22:33:23.966231220+09:00,12
2023-09-28T22:35:23.631188409+09:00,12
2023-09-28T22:37:24.302351886+09:00,12
2023-09-28T22:39:24.032894426+09:00,11
2023-09-28T22:41:23.665766432+09:00,12
2023-09-28T22:43:23.322938866+09:00,12
2023-09-28T22:45:23.985066523+09:00,12
2023-09-28T22:47:23.618595516+09:00,12
2023-09-28T22:49:24.284882641+09:00,12
2023-09-28T22:51:23.934374229+09:00,13
2023-09-28T22:53:23.603031580+09:00,12
2023-09-28T22:55:24.316340976+09:00,12
2023-09-28T22:57:24.007695117+09:00,12
2023-09-28T22:59:23.723846793+09:00,11
2023-09-28T23:01:23.401086914+09:00,12
2023-09-28T23:03:24.082168260+09:00,12
2023-09-28T23:05:23.774269526+09:00,12
2023-09-28T23:07:23.525691556+09:00,12
2023-09-28T23:09:24.150178905+09:00,11
2023-09-28T23:11:23.807926614+09:00,12
2023-09-28T23:13:23.460839396+09:00,12
2023-09-28T23:15:24.143022712+09:00,12
2023-09-28T23:17:23.829545020+09:00,12
2023-09-28T23:19:23.517326739+09:00,11
2023-09-28T23:21:24.241423853+09:00,12
2023-09-28T23:23:23.945920808+09:00,12
2023-09-28T23:25:23.685864324+09:00,12
2023-09-28T23:27:23.399730928+09:00,12
2023-09-28T23:29:24.119743780+09:00,11
2023-09-28T23:31:24.537184047+09:00,12
2023-09-28T23:33:24.253301495+09:00,12
2023-09-28T23:35:23.949917542+09:00,12
2023-09-28T23:37:23.583401071+09:00,12
2023-09-28T23:39:24.277513489+09:00,11
2023-09-28T23:41:23.967782145+09:00,12
2023-09-28T23:43:23.648109437+09:00,12
2023-09-28T23:45:23.337579703+09:00,12
2023-09-28T23:47:23.993189034+09:00,12
2023-09-28T23:49:23.654080492+09:00,11
2023-09-28T23:51:24.311620828+09:00,12
2023-09-28T23:53:23.940424859+09:00,12
2023-09-28T23:55:23.583958202+09:00,12
2023-09-28T23:57:24.268280987+09:00,12
2023-09-28T23:59:23.958755893+09:00,11
2023-09-29T00:01:23.626814047+09:00,12
2023-09-29T00:03:24.271676829+09:00,12
2023-09-29T00:05:23.948808280+09:00,12
2023-09-29T00:07:23.582436816+09:00,12
2023-09-29T00:09:24.215164187+09:00,11
2023-09-29T00:11:23.889331558+09:00,12
2023-09-29T00:13:23.560921411+09:00,12
2023-09-29T00:15:24.199405754+09:00,12
2023-09-29T00:17:23.850302277+09:00,12
2023-09-29T00:19:23.482480530+09:00,12
2023-09-29T00:21:24.168498068+09:00,12
2023-09-29T00:23:23.843887125+09:00,12
2023-09-29T00:25:23.502200617+09:00,12
2023-09-29T00:27:24.155881292+09:00,12
2023-09-29T00:29:23.793318007+09:00,11
2023-09-29T00:31:23.464025401+09:00,12
2023-09-29T00:33:24.121115722+09:00,12
2023-09-29T00:35:23.718667687+09:00,12
2023-09-29T00:37:23.336843368+09:00,12
2023-09-29T00:39:23.972371277+09:00,11
2023-09-29T00:41:23.612873475+09:00,12
2023-09-29T00:43:24.271983211+09:00,12
2023-09-29T00:45:23.930650859+09:00,12
2023-09-29T00:47:23.563596059+09:00,12
2023-09-29T00:49:24.222364098+09:00,11
2023-09-29T00:51:23.874202129+09:00,12
2023-09-29T00:53:23.518072809+09:00,12
2023-09-29T00:55:24.232466576+09:00,12
2023-09-29T00:57:23.857626343+09:00,12
2023-09-29T00:59:23.499600969+09:00,12
2023-09-29T01:01:24.165374193+09:00,12
2023-09-29T01:03:23.818523794+09:00,12
2023-09-29T01:05:23.540451456+09:00,13
2023-09-29T01:07:24.239673075+09:00,12
2023-09-29T01:09:23.910606055+09:00,11
2023-09-29T01:11:23.603288249+09:00,12
2023-09-29T01:13:24.277172784+09:00,12
2023-09-29T01:15:23.926554761+09:00,12
2023-09-29T01:17:23.575849482+09:00,12
2023-09-29T01:19:24.256014756+09:00,11
2023-09-29T01:21:23.934156541+09:00,12
2023-09-29T01:23:23.609892462+09:00,12
2023-09-29T01:25:24.263660933+09:00,12
2023-09-29T01:27:23.893744706+09:00,12
2023-09-29T01:29:23.894767248+09:00,11
2023-09-29T01:31:23.566457218+09:00,12
2023-09-29T01:33:24.248319307+09:00,12
2023-09-29T01:35:23.959166084+09:00,12
2023-09-29T01:37:23.665879792+09:00,12
2023-09-29T01:39:24.320133787+09:00,11
2023-09-29T01:41:24.010253453+09:00,12
2023-09-29T01:43:23.631552864+09:00,12
2023-09-29T01:45:24.314649978+09:00,12
2023-09-29T01:47:23.976273222+09:00,12
2023-09-29T01:49:23.626379351+09:00,11
2023-09-29T01:51:24.231869970+09:00,12
2023-09-29T01:53:23.887728706+09:00,12
2023-09-29T01:55:23.577218619+09:00,12
2023-09-29T01:57:24.202159500+09:00,12
2023-09-29T01:59:23.899772300+09:00,11
2023-09-29T02:01:23.508989644+09:00,12
2023-09-29T02:03:24.150625546+09:00,12
2023-09-29T02:05:23.793051182+09:00,12
2023-09-29T02:07:23.499212003+09:00,12
2023-09-29T02:09:24.172505747+09:00,12
2023-09-29T02:11:23.827373572+09:00,12
2023-09-29T02:13:23.490485031+09:00,12
2023-09-29T02:15:24.181462556+09:00,12
2023-09-29T02:17:23.824380946+09:00,12
2023-09-29T02:19:23.540336977+09:00,11
2023-09-29T02:21:24.208707543+09:00,12
2023-09-29T02:23:23.884716074+09:00,12
2023-09-29T02:25:23.507807880+09:00,12
2023-09-29T02:27:24.170027956+09:00,12
2023-09-29T02:29:23.821235908+09:00,11
2023-09-29T02:31:23.488130447+09:00,12
2023-09-29T02:33:24.170680156+09:00,12
2023-09-29T02:35:23.875039808+09:00,12
2023-09-29T02:37:23.521872466+09:00,12
2023-09-29T02:39:24.159743926+09:00,12
2023-09-29T02:41:23.826083185+09:00,12
2023-09-29T02:43:23.468752494+09:00,12
2023-09-29T02:45:24.123116218+09:00,12
2023-09-29T02:47:23.717281255+09:00,12
2023-09-29T02:49:23.406415905+09:00,12
2023-09-29T02:51:24.066926396+09:00,11
2023-09-29T02:53:23.769654618+09:00,12
2023-09-29T02:55:23.372596635+09:00,12
2023-09-29T02:57:24.055876737+09:00,12
2023-09-29T02:59:23.742761429+09:00,12
2023-09-29T03:01:23.467509349+09:00,12
2023-09-29T03:03:24.121951732+09:00,12
2023-09-29T03:05:23.841362853+09:00,12
2023-09-29T03:07:23.531611332+09:00,12
2023-09-29T03:09:24.248318778+09:00,12
2023-09-29T03:11:23.917211369+09:00,12
2023-09-29T03:13:23.609649405+09:00,12
2023-09-29T03:15:24.243212516+09:00,12
2023-09-29T03:17:23.909409228+09:00,12
2023-09-29T03:19:23.578430392+09:00,11
2023-09-29T03:21:24.263992136+09:00,12
2023-09-29T03:23:23.922508225+09:00,12
2023-09-29T03:25:23.585286484+09:00,12
2023-09-29T03:27:24.344626762+09:00,12
2023-09-29T03:29:24.034995843+09:00,11
2023-09-29T03:31:23.707781264+09:00,12
2023-09-29T03:33:23.371514919+09:00,12
2023-09-29T03:35:24.039376061+09:00,12
2023-09-29T03:37:23.709432101+09:00,12
2023-09-29T03:39:23.472742593+09:00,11
2023-09-29T03:41:24.142601358+09:00,12
2023-09-29T03:43:23.835682687+09:00,12
2023-09-29T03:45:23.476487566+09:00,12
2023-09-29T03:47:24.168275128+09:00,12
2023-09-29T03:49:23.843427699+09:00,11
2023-09-29T03:51:23.502074528+09:00,12
2023-09-29T03:53:24.156284582+09:00,12
2023-09-29T03:55:23.829948431+09:00,12
2023-09-29T03:57:23.513852627+09:00,12
2023-09-29T03:59:24.179405699+09:00,12
2023-09-29T04:01:23.830170866+09:00,12
2023-09-29T04:03:23.512877530+09:00,12
2023-09-29T04:05:24.198857069+09:00,12
2023-09-29T04:07:23.839816310+09:00,12
2023-09-29T04:09:23.492707772+09:00,11
2023-09-29T04:11:24.146691159+09:00,12
2023-09-29T04:13:23.907422146+09:00,12
2023-09-29T04:15:23.600774496+09:00,12
2023-09-29T04:17:24.296417698+09:00,12
2023-09-29T04:19:23.991290055+09:00,11
2023-09-29T04:21:23.674064109+09:00,12
2023-09-29T04:23:23.304246097+09:00,12
2023-09-29T04:25:23.986527287+09:00,12
2023-09-29T04:27:23.653721129+09:00,12
2023-09-29T04:29:24.356605858+09:00,12
2023-09-29T04:31:24.010477716+09:00,12
2023-09-29T04:33:23.647995648+09:00,12
2023-09-29T04:35:24.312821932+09:00,12
2023-09-29T04:37:24.022224971+09:00,12
2023-09-29T04:39:23.660143053+09:00,11
2023-09-29T04:41:24.325154678+09:00,12
2023-09-29T04:43:24.027868588+09:00,12
2023-09-29T04:45:23.717745209+09:00,12
2023-09-29T04:47:23.344235428+09:00,12
2023-09-29T04:49:24.026584329+09:00,11
2023-09-29T04:51:23.759007032+09:00,12
2023-09-29T04:53:23.370616138+09:00,12
2023-09-29T04:55:24.050251783+09:00,12
2023-09-29T04:57:23.682312515+09:00,12
2023-09-29T04:59:23.308247964+09:00,12
2023-09-29T05:01:24.015455035+09:00,11
2023-09-29T05:03:23.674418533+09:00,12
2023-09-29T05:05:23.417203659+09:00,12
2023-09-29T05:07:24.088209518+09:00,12
2023-09-29T05:09:23.772293010+09:00,11
2023-09-29T05:11:23.515807303+09:00,12
2023-09-29T05:13:24.231162420+09:00,12
2023-09-29T05:15:24.081795313+09:00,12
2023-09-29T05:17:23.743845023+09:00,12
2023-09-29T05:19:23.389464476+09:00,12
2023-09-29T05:21:24.040562813+09:00,12
2023-09-29T05:23:23.772429422+09:00,12
2023-09-29T05:25:23.444801837+09:00,12
2023-09-29T05:27:24.110525479+09:00,12
2023-09-29T05:29:23.844347349+09:00,11
2023-09-29T05:31:23.527580074+09:00,12
2023-09-29T05:33:24.211955397+09:00,12
2023-09-29T05:35:23.943567319+09:00,12
2023-09-29T05:37:23.645932970+09:00,12
2023-09-29T05:39:24.320073472+09:00,12
2023-09-29T05:41:24.025861508+09:00,12
2023-09-29T05:43:23.711395317+09:00,12
2023-09-29T05:45:23.389062842+09:00,12
2023-09-29T05:47:24.050537652+09:00,12
2023-09-29T05:49:23.724114052+09:00,11
2023-09-29T05:51:23.405019212+09:00,12
2023-09-29T05:53:24.099417417+09:00,12
2023-09-29T05:55:23.770054321+09:00,12
2023-09-29T05:57:23.422413727+09:00,12
2023-09-29T05:59:24.069733096+09:00,11
2023-09-29T06:01:23.750131116+09:00,12
2023-09-29T06:03:23.427626932+09:00,12
2023-09-29T06:05:24.096927178+09:00,12
2023-09-29T06:07:23.775762899+09:00,12
2023-09-29T06:09:23.447860934+09:00,12
2023-09-29T06:11:24.111481081+09:00,12
2023-09-29T06:13:23.810512324+09:00,12
2023-09-29T06:15:23.476953124+09:00,12
2023-09-29T06:17:24.163377629+09:00,12
2023-09-29T06:19:23.801690406+09:00,12
2023-09-29T06:21:23.444286915+09:00,12
2023-09-29T06:23:24.140902342+09:00,12
2023-09-29T06:25:23.833999152+09:00,12
2023-09-29T06:27:23.483275613+09:00,13
2023-09-29T06:29:24.220229578+09:00,12
2023-09-29T06:31:23.902054060+09:00,11
2023-09-29T06:33:23.564888227+09:00,12
2023-09-29T06:35:24.295491967+09:00,12
2023-09-29T06:37:23.974487687+09:00,12
2023-09-29T06:39:23.656373390+09:00,11
2023-09-29T06:41:24.335410901+09:00,12
2023-09-29T06:43:23.990812109+09:00,12
2023-09-29T06:45:23.667719144+09:00,12
2023-09-29T06:47:24.358541157+09:00,12
2023-09-29T06:49:24.048180442+09:00,11
2023-09-29T06:51:23.713407542+09:00,12
2023-09-29T06:53:23.375393006+09:00,12
2023-09-29T06:55:24.092051328+09:00,12
2023-09-29T06:57:23.771704248+09:00,12
2023-09-29T06:59:23.473531198+09:00,12
2023-09-29T07:01:24.198210920+09:00,12
2023-09-29T07:03:23.879640563+09:00,13
2023-09-29T07:05:23.597601359+09:00,12
2023-09-29T07:07:24.298597325+09:00,12
2023-09-29T07:09:23.985439056+09:00,11
2023-09-29T07:11:23.673974501+09:00,12
2023-09-29T07:13:23.357003120+09:00,12
2023-09-29T07:15:24.000988968+09:00,12
2023-09-29T07:17:23.684617592+09:00,12
2023-09-29T07:19:24.346723074+09:00,11
2023-09-29T07:21:24.076400697+09:00,12
2023-09-29T07:23:23.765986963+09:00,12
2023-09-29T07:25:23.443355519+09:00,12
2023-09-29T07:27:24.104773443+09:00,12
2023-09-29T07:29:23.747101628+09:00,11
2023-09-29T07:31:23.415008051+09:00,12
2023-09-29T07:33:24.109616588+09:00,12
2023-09-29T07:35:23.827192192+09:00,12
2023-09-29T07:37:23.528367838+09:00,12
2023-09-29T07:39:24.257445080+09:00,12
2023-09-29T07:41:23.991345010+09:00,12
2023-09-29T07:43:23.659603248+09:00,12
2023-09-29T07:45:24.352025753+09:00,12
2023-09-29T07:47:24.003002223+09:00,12
2023-09-29T07:49:23.746160011+09:00,11
2023-09-29T07:51:23.455290946+09:00,12
2023-09-29T07:53:24.136927512+09:00,12
2023-09-29T07:55:23.796870283+09:00,12
2023-09-29T07:57:23.405088516+09:00,12
2023-09-29T07:59:24.076650913+09:00,11
2023-09-29T08:01:23.711067342+09:00,12
2023-09-29T08:03:23.147949574+09:00,12
2023-09-29T08:05:23.593298460+09:00,12
2023-09-29T08:07:24.058361988+09:00,12
2023-09-29T08:09:23.338243745+09:00,11
2023-09-29T08:11:23.492580410+09:00,12
2023-09-29T08:13:23.538194763+09:00,13
2023-09-29T08:15:23.433875401+09:00,12
2023-09-29T08:17:23.424268142+09:00,12
2023-09-29T08:19:23.258294315+09:00,11
2023-09-29T08:21:23.057457722+09:00,12
2023-09-29T08:23:22.819976792+09:00,12
2023-09-29T08:25:22.290150943+09:00,13
2023-09-29T08:27:22.602337868+09:00,13
2023-09-29T08:29:22.860394020+09:00,12
2023-09-29T08:31:22.042701696+09:00,12
2023-09-29T08:33:22.197589359+09:00,13
2023-09-29T08:35:22.324915219+09:00,12
2023-09-29T08:37:22.526997374+09:00,14
2023-09-29T08:39:22.385041017+09:00,12
2023-09-29T08:41:22.237326913+09:00,14
2023-09-29T08:43:21.957904442+09:00,13
2023-09-29T08:45:21.644139150+09:00,13
2023-09-29T08:47:22.066111422+09:00,13
2023-09-29T08:49:21.438805136+09:00,11
2023-09-29T08:51:21.441618650+09:00,12
2023-09-29T08:53:21.187662098+09:00,13
2023-09-29T08:55:20.813848963+09:00,14
2023-09-29T08:57:20.418713303+09:00,12
2023-09-29T08:59:20.866166098+09:00,13
2023-09-29T09:01:20.677982931+09:00,12
2023-09-29T09:03:21.674608618+09:00,12
2023-09-29T09:05:21.412482033+09:00,12
2023-09-29T09:07:21.367707499+09:00,12
2023-09-29T09:09:21.135218781+09:00,11
2023-09-29T09:11:21.124584075+09:00,12
2023-09-29T09:13:20.965787511+09:00,12
2023-09-29T09:15:20.883247510+09:00,12
2023-09-29T09:17:20.667410831+09:00,12
2023-09-29T09:19:21.609069933+09:00,12
2023-09-29T09:21:21.342533466+09:00,11
2023-09-29T09:23:21.173315243+09:00,12
2023-09-29T09:25:21.147316805+09:00,12
2023-09-29T09:27:21.086134188+09:00,12
2023-09-29T09:29:20.764948882+09:00,12
2023-09-29T09:31:20.660470629+09:00,12
2023-09-29T09:33:21.497748182+09:00,12
2023-09-29T09:35:21.386065335+09:00,12
2023-09-29T09:37:21.410335026+09:00,12
2023-09-29T09:39:21.282933996+09:00,11
2023-09-29T09:41:21.182750927+09:00,12
2023-09-29T09:43:20.997537720+09:00,13
2023-09-29T09:45:20.850373357+09:00,12
2023-09-29T09:47:20.559918616+09:00,15
2023-09-29T09:49:21.495226243+09:00,14
2023-09-29T09:51:21.172552076+09:00,13
2023-09-29T09:53:20.889978986+09:00,13
2023-09-29T09:55:20.636589191+09:00,13
2023-09-29T09:57:21.315123972+09:00,13
2023-09-29T09:59:21.226306637+09:00,13
2023-09-29T10:01:20.939757436+09:00,14
2023-09-29T10:03:20.762902848+09:00,13
2023-09-29T10:05:20.435622095+09:00,12
2023-09-29T10:07:21.138997976+09:00,13
2023-09-29T10:09:20.814412883+09:00,12
2023-09-29T10:11:20.596110754+09:00,13
2023-09-29T10:13:21.315310270+09:00,14
2023-09-29T10:15:20.911667472+09:00,12
2023-09-29T10:17:20.493795954+09:00,14
2023-09-29T10:19:20.909421704+09:00,14
2023-09-29T10:21:20.249260661+09:00,16
2023-09-29T10:23:20.393546171+09:00,12
2023-09-29T10:25:20.744194385+09:00,16
2023-09-29T10:27:20.881415140+09:00,13
2023-09-29T10:29:21.055059653+09:00,16
2023-09-29T10:31:20.475180764+09:00,14
2023-09-29T10:33:20.297370129+09:00,23
2023-09-29T10:35:20.130709583+09:00,17
2023-09-29T10:37:19.872047724+09:00,14
2023-09-29T10:39:19.489211445+09:00,14
2023-09-29T10:41:20.093512348+09:00,14
2023-09-29T10:43:19.630661821+09:00,15
2023-09-29T10:45:20.211585902+09:00,13
2023-09-29T10:47:19.897141628+09:00,13
2023-09-29T10:49:19.668207121+09:00,11
2023-09-29T10:51:20.130119518+09:00,13
2023-09-29T10:53:19.826493470+09:00,13
2023-09-29T10:55:19.574589581+09:00,13
2023-09-29T10:57:20.286444281+09:00,13
2023-09-29T10:59:20.141303385+09:00,12
2023-09-29T11:01:19.876599641+09:00,15
2023-09-29T11:03:19.664150185+09:00,14
2023-09-29T11:05:20.390153115+09:00,14
2023-09-29T11:07:20.137472404+09:00,13
2023-09-29T11:09:19.598707278+09:00,14
2023-09-29T11:11:20.218814137+09:00,13
2023-09-29T11:13:19.958403560+09:00,14
2023-09-29T11:15:19.562227552+09:00,14
2023-09-29T11:17:20.179611575+09:00,14
2023-09-29T11:19:19.714118385+09:00,13
2023-09-29T11:21:20.344388667+09:00,15
2023-09-29T11:23:19.865480589+09:00,14
2023-09-29T11:25:20.481968793+09:00,15
2023-09-29T11:27:20.027133457+09:00,14
2023-09-29T11:29:19.670857872+09:00,14
2023-09-29T11:31:20.115955297+09:00,12
2023-09-29T11:33:19.742401892+09:00,14
2023-09-29T11:35:20.370546310+09:00,16
2023-09-29T11:37:19.828000866+09:00,15
2023-09-29T11:39:20.314497954+09:00,15
2023-09-29T11:41:19.816619137+09:00,18
2023-09-29T11:43:20.202162708+09:00,20
2023-09-29T11:45:19.702710159+09:00,21
2023-09-29T11:47:20.060624575+09:00,21
2023-09-29T11:49:19.480338965+09:00,21
2023-09-29T11:51:20.030996113+09:00,16
2023-09-29T11:53:20.483278217+09:00,20
2023-09-29T11:55:19.895094010+09:00,28
2023-09-29T11:57:20.460615901+09:00,29
2023-09-29T11:59:19.912154703+09:00,38
2023-09-29T12:01:20.244035088+09:00,45
2023-09-29T12:03:20.683909760+09:00,52
2023-09-29T12:05:20.451240948+09:00,57
2023-09-29T12:07:21.191999140+09:00,89
2023-09-29T12:09:20.770954075+09:00,101
2023-09-29T12:11:20.741816687+09:00,113
2023-09-29T12:13:21.267386673+09:00,135
2023-09-29T12:15:20.676176425+09:00,148
2023-09-29T12:17:20.801001570+09:00,153
2023-09-29T12:19:20.896999512+09:00,140
2023-09-29T12:21:20.771555301+09:00,150
2023-09-29T12:23:20.686587225+09:00,148
2023-09-29T12:25:20.524374568+09:00,153
2023-09-29T12:27:20.501430753+09:00,145
2023-09-29T12:29:20.440475522+09:00,158
2023-09-29T12:31:20.435702187+09:00,166
2023-09-29T12:33:20.363003176+09:00,136
2023-09-29T12:35:20.271547900+09:00,138
2023-09-29T12:37:20.141710458+09:00,124
2023-09-29T12:39:20.218179844+09:00,121
2023-09-29T12:41:20.312276878+09:00,105
2023-09-29T12:43:20.548111817+09:00,83
2023-09-29T12:45:20.790561409+09:00,84
2023-09-29T12:47:19.999516432+09:00,65
2023-09-29T12:49:20.405850947+09:00,45
2023-09-29T12:51:19.929864522+09:00,32
2023-09-29T12:53:20.889173307+09:00,23
2023-09-29T12:55:20.614605095+09:00,25
2023-09-29T12:57:20.666095975+09:00,20
2023-09-29T12:59:20.843023457+09:00,19
2023-09-29T13:01:20.428448176+09:00,16
2023-09-29T13:03:20.971578245+09:00,17
2023-09-29T13:05:20.687090907+09:00,17
2023-09-29T13:07:21.323658709+09:00,18
2023-09-29T13:09:20.678137123+09:00,19
2023-09-29T13:11:21.371389323+09:00,17
2023-09-29T13:13:20.940822171+09:00,17
2023-09-29T13:15:20.673615943+09:00,15
2023-09-29T13:17:21.338708653+09:00,16
2023-09-29T13:19:21.053051903+09:00,18
2023-09-29T13:21:21.517174337+09:00,18
2023-09-29T13:23:20.786377728+09:00,19
2023-09-29T13:25:20.746839123+09:00,18
2023-09-29T13:27:21.448294931+09:00,20
2023-09-29T13:29:21.207556401+09:00,20
2023-09-29T13:31:20.791198339+09:00,21
2023-09-29T13:33:21.500021880+09:00,17
2023-09-29T13:35:20.995330373+09:00,17
2023-09-29T13:37:20.717255128+09:00,18
2023-09-29T13:39:21.307937690+09:00,15
2023-09-29T13:41:20.926151445+09:00,15
2023-09-29T13:43:20.418784864+09:00,16
2023-09-29T13:45:20.782318464+09:00,14
2023-09-29T13:47:21.334248817+09:00,13
2023-09-29T13:49:20.956265200+09:00,14
2023-09-29T13:51:20.521173017+09:00,12
2023-09-29T13:53:21.071956755+09:00,15
2023-09-29T13:55:20.719366845+09:00,13
2023-09-29T13:57:21.242864156+09:00,13
2023-09-29T13:59:20.739830472+09:00,15
2023-09-29T14:01:21.391080593+09:00,15
2023-09-29T14:03:20.966311429+09:00,15
2023-09-29T14:05:20.606377446+09:00,15
2023-09-29T14:07:20.974831023+09:00,16
2023-09-29T14:09:20.542458920+09:00,13
2023-09-29T14:11:21.102259936+09:00,14
2023-09-29T14:13:20.756955948+09:00,16
2023-09-29T14:15:21.557299565+09:00,16
2023-09-29T14:17:21.168327687+09:00,18
2023-09-29T14:19:20.862500583+09:00,18
2023-09-29T14:21:20.562173840+09:00,15
2023-09-29T14:23:21.111478927+09:00,14
2023-09-29T14:25:20.910262813+09:00,13
2023-09-29T14:27:20.839185546+09:00,18
2023-09-29T14:29:21.778996620+09:00,19
2023-09-29T14:31:22.406122743+09:00,13
2023-09-29T14:33:21.856378923+09:00,16
2023-09-29T14:35:22.306691359+09:00,16
2023-09-29T14:37:21.783938548+09:00,22
2023-09-29T14:39:22.221805165+09:00,21
2023-09-29T14:41:21.690909188+09:00,20
2023-09-29T14:43:22.210503292+09:00,15
2023-09-29T14:45:22.156334791+09:00,13
2023-09-29T14:47:21.823951747+09:00,15
2023-09-29T14:49:22.444595657+09:00,16
2023-09-29T14:51:22.116645424+09:00,15
2023-09-29T14:53:21.839060453+09:00,17
2023-09-29T14:55:22.578616967+09:00,15
2023-09-29T14:57:22.382190778+09:00,15
2023-09-29T14:59:21.947642363+09:00,14
2023-09-29T15:01:22.574812392+09:00,15
2023-09-29T15:03:22.194298141+09:00,15
2023-09-29T15:05:21.820204125+09:00,15
2023-09-29T15:07:22.538999094+09:00,16
2023-09-29T15:09:22.219761166+09:00,12
2023-09-29T15:11:21.925765843+09:00,12
2023-09-29T15:13:22.682119372+09:00,13
2023-09-29T15:15:22.417909615+09:00,12
2023-09-29T15:17:22.157124250+09:00,13
2023-09-29T15:19:21.945908657+09:00,12
2023-09-29T15:21:22.533014274+09:00,12
2023-09-29T15:23:22.109691663+09:00,13
2023-09-29T15:25:21.874293996+09:00,12
2023-09-29T15:27:22.631186908+09:00,12
2023-09-29T15:29:22.233373007+09:00,12
2023-09-29T15:31:21.907800971+09:00,11
2023-09-29T15:33:22.607114045+09:00,12
2023-09-29T15:35:22.312821734+09:00,12
2023-09-29T15:37:22.051662120+09:00,12
2023-09-29T15:39:21.828963065+09:00,11
2023-09-29T15:41:22.509792270+09:00,14
2023-09-29T15:43:22.241467386+09:00,13
2023-09-29T15:45:21.968789290+09:00,12
2023-09-29T15:47:22.816014361+09:00,14
2023-09-29T15:49:22.616641147+09:00,14
2023-09-29T15:51:22.471382250+09:00,15
2023-09-29T15:53:22.271691628+09:00,13
2023-09-29T15:55:22.141303810+09:00,15
2023-09-29T15:57:22.127906910+09:00,15
2023-09-29T15:59:22.160412140+09:00,15
2023-09-29T16:01:21.999522053+09:00,15
2023-09-29T16:03:22.990077466+09:00,15
2023-09-29T16:05:22.865421217+09:00,17
2023-09-29T16:07:22.741719938+09:00,19
2023-09-29T16:09:22.694841141+09:00,18
2023-09-29T16:11:22.999024372+09:00,13
2023-09-29T16:13:22.116920669+09:00,17
2023-09-29T16:15:22.029395630+09:00,23
2023-09-29T16:17:22.142555643+09:00,15
2023-09-29T16:19:22.381427773+09:00,14
2023-09-29T16:21:22.570778277+09:00,16
2023-09-29T16:23:22.869770314+09:00,14
2023-09-29T16:25:23.231666474+09:00,14
2023-09-29T16:27:22.766750159+09:00,14
2023-09-29T16:29:23.134791310+09:00,12
2023-09-29T16:31:22.414354360+09:00,15
2023-09-29T16:33:22.862784529+09:00,14
2023-09-29T16:35:23.085751984+09:00,12
2023-09-29T16:37:22.479691321+09:00,12
2023-09-29T16:39:22.797860877+09:00,11
2023-09-29T16:41:23.122442886+09:00,13
2023-09-29T16:43:22.519159671+09:00,13
2023-09-29T16:45:23.040316199+09:00,13
2023-09-29T16:47:22.459210518+09:00,13
2023-09-29T16:49:22.940284852+09:00,12
2023-09-29T16:51:22.469793562+09:00,11
2023-09-29T16:53:22.925628778+09:00,12
2023-09-29T16:55:22.239241081+09:00,13
2023-09-29T16:57:22.710119045+09:00,12
2023-09-29T16:59:23.129358696+09:00,12
2023-09-29T17:01:22.454655259+09:00,12
2023-09-29T17:03:22.882062909+09:00,12
2023-09-29T17:05:23.186493783+09:00,12
2023-09-29T17:07:22.453644618+09:00,12
2023-09-29T17:09:22.833000627+09:00,11
2023-09-29T17:11:23.212269384+09:00,12
2023-09-29T17:13:22.586482318+09:00,12
2023-09-29T17:15:23.062722825+09:00,12
2023-09-29T17:17:22.597783580+09:00,12
2023-09-29T17:19:23.086586739+09:00,11
2023-09-29T17:21:22.587840718+09:00,12
2023-09-29T17:23:23.062041447+09:00,12
2023-09-29T17:25:22.563521047+09:00,12
2023-09-29T17:27:23.142587377+09:00,12
2023-09-29T17:29:22.630026910+09:00,12
2023-09-29T17:31:23.081511337+09:00,11
2023-09-29T17:33:22.723935885+09:00,12
2023-09-29T17:35:23.219357703+09:00,12
2023-09-29T17:37:22.882347752+09:00,12
2023-09-29T17:39:23.457065761+09:00,13
2023-09-29T17:41:23.008106062+09:00,11
2023-09-29T17:43:22.616230901+09:00,14
2023-09-29T17:45:23.275320252+09:00,13
2023-09-29T17:47:22.969987453+09:00,14
2023-09-29T17:49:22.603143594+09:00,12
2023-09-29T17:51:23.497494812+09:00,17
2023-09-29T17:53:23.491275246+09:00,16
2023-09-29T17:55:23.614757877+09:00,15
2023-09-29T17:57:23.890041969+09:00,15
2023-09-29T17:59:23.215451756+09:00,11
2023-09-29T18:01:23.544339454+09:00,12
2023-09-29T18:03:23.977502243+09:00,15
2023-09-29T18:05:23.407706814+09:00,12
2023-09-29T18:07:23.813390851+09:00,12
2023-09-29T18:09:23.228290649+09:00,12
2023-09-29T18:11:23.652464766+09:00,11
2023-09-29T18:13:24.266130439+09:00,12
2023-09-29T18:15:23.875535658+09:00,12
2023-09-29T18:17:23.485543465+09:00,12
2023-09-29T18:19:24.140288027+09:00,11
2023-09-29T18:21:23.757272672+09:00,12
2023-09-29T18:23:23.386105695+09:00,12
2023-09-29T18:25:24.052509846+09:00,12
2023-09-29T18:27:23.679016100+09:00,12
2023-09-29T18:29:23.375020397+09:00,12
2023-09-29T18:31:24.096903955+09:00,13
2023-09-29T18:33:23.730738674+09:00,13
2023-09-29T18:35:23.364318971+09:00,13
2023-09-29T18:37:24.055219831+09:00,13
2023-09-29T18:39:23.655350512+09:00,13
2023-09-29T18:41:24.331668679+09:00,11
2023-09-29T18:43:23.983507196+09:00,12
2023-09-29T18:45:23.575741629+09:00,12
2023-09-29T18:47:24.268927227+09:00,12
2023-09-29T18:49:23.881496006+09:00,13
2023-09-29T18:51:23.544872146+09:00,11
2023-09-29T18:53:24.216735538+09:00,12
2023-09-29T18:55:23.898584786+09:00,12
2023-09-29T18:57:23.561995570+09:00,12
2023-09-29T18:59:24.209917543+09:00,12
2023-09-29T19:01:23.934635913+09:00,11
2023-09-29T19:03:23.599831836+09:00,12
2023-09-29T19:05:24.256944632+09:00,12
2023-09-29T19:07:23.950837709+09:00,12
2023-09-29T19:09:23.634785290+09:00,11
2023-09-29T19:11:24.294493547+09:00,12
2023-09-29T19:13:23.998506584+09:00,12
2023-09-29T19:15:23.682318929+09:00,12
2023-09-29T19:17:23.386007056+09:00,12
2023-09-29T19:19:24.102762808+09:00,11
2023-09-29T19:21:23.826643747+09:00,12
2023-09-29T19:23:23.551657205+09:00,12
2023-09-29T19:25:24.224188969+09:00,12
2023-09-29T19:27:23.992340657+09:00,12
2023-09-29T19:29:23.700371867+09:00,11
2023-09-29T19:31:23.389255077+09:00,12
2023-09-29T19:33:24.115661073+09:00,12
2023-09-29T19:35:23.793542257+09:00,12
2023-09-29T19:37:23.535049876+09:00,12
2023-09-29T19:39:24.320071369+09:00,12
2023-09-29T19:41:24.052559218+09:00,11
2023-09-29T19:43:23.809160899+09:00,12
2023-09-29T19:45:23.559934634+09:00,12
2023-09-29T19:47:24.303810353+09:00,12
2023-09-29T19:49:24.027262856+09:00,12
2023-09-29T19:51:23.726432941+09:00,11
2023-09-29T19:53:23.459821355+09:00,12
2023-09-29T19:55:24.151521178+09:00,12
2023-09-29T19:57:23.871892447+09:00,12
2023-09-29T19:59:23.572199643+09:00,12
2023-09-29T20:01:24.290539136+09:00,12
2023-09-29T20:03:24.052623004+09:00,12
2023-09-29T20:05:23.794810982+09:00,12
2023-09-29T20:07:23.543102771+09:00,12
2023-09-29T20:09:24.270664359+09:00,12
2023-09-29T20:11:23.992184452+09:00,11
2023-09-29T20:13:23.775446748+09:00,12
2023-09-29T20:15:23.519426496+09:00,12
2023-09-29T20:17:24.250589692+09:00,12
2023-09-29T20:19:23.966312285+09:00,12
2023-09-29T20:21:23.628817154+09:00,11
2023-09-29T20:23:24.321056357+09:00,12
2023-09-29T20:25:24.050004249+09:00,12
2023-09-29T20:27:23.801836492+09:00,12
2023-09-29T20:29:23.642103052+09:00,12
2023-09-29T20:31:23.423168339+09:00,11
2023-09-29T20:33:24.096793682+09:00,12
2023-09-29T20:35:23.795528470+09:00,12
